{
  "real_accuracy": 0.6245,
  "fake_accuracy": 0.8764,
  "total_accuracy": 0.75045,
  "real_acc_per_class": {
    "airplane": 0.453,
    "automobile": 0.74,
    "bird": 0.584,
    "cat": 0.557,
    "deer": 0.58,
    "dog": 0.599,
    "frog": 0.711,
    "horse": 0.682,
    "ship": 0.604,
    "truck": 0.735
  },
  "fake_acc_per_class": {
    "airplane": 0.9579579579579579,
    "automobile": 0.8983700862895494,
    "bird": 0.8979166666666667,
    "cat": 0.8518164435946463,
    "deer": 0.8796019900497513,
    "dog": 0.8876629889669007,
    "frog": 0.7342799188640974,
    "horse": 0.8661899897854954,
    "ship": 0.908102766798419,
    "truck": 0.880781089414183
  },
  "generation_quality_per_class": {
    "airplane": 0.15651489794254303,
    "automobile": 0.201376810669899,
    "bird": 0.2493777573108673,
    "cat": 0.27152612805366516,
    "deer": 0.271626740694046,
    "dog": 0.24464517831802368,
    "frog": 0.3372241258621216,
    "horse": 0.24825197458267212,
    "ship": 0.22501087188720703,
    "truck": 0.232309952378273
  },
  "output_stats": {
    "pixel_mean": -0.05576564371585846,
    "pixel_std": 0.5119043588638306,
    "pixel_min": -1.0,
    "pixel_max": 1.0
  }
}