{
  "g_losses": [
    5.686770934707079,
    4.631190151740343,
    3.4714739080040884,
    3.322452562283247,
    2.7421806227129237,
    2.4836629088442677,
    2.5968923366986787,
    2.6246183099655003,
    2.55290144552023,
    2.5019034542525427,
    2.4399588683954416,
    2.4271100070614082,
    2.2700087246413414,
    2.2073639188057337,
    2.1727627207835516,
    2.0973257604699866,
    2.0714413387653154,
    2.0592255343611425,
    2.074554576820288,
    2.0781903773355177,
    2.077782742335246,
    2.0626179138914895,
    2.0711933826788878,
    2.059394252376679,
    2.086754411076888,
    2.1447776288176192,
    2.104510981016434,
    2.0960258973332553,
    2.1480449200440677,
    2.1409021645784376,
    2.170772825105068,
    2.1858474830786387,
    2.2042364778426977,
    2.207780391082932,
    2.2244517515485103,
    2.273407205967949,
    2.2224317669868467,
    2.28149110565965,
    2.318610296341089,
    2.3256127655506136,
    2.329291000403464,
    2.3835608334495473,
    2.399915148451542,
    2.401325197250415,
    2.477314445452812,
    2.4862813510573827,
    2.4249736598358513,
    2.4848220134392762,
    2.5287410851854544,
    2.5423674115003685
  ],
  "d_losses": [
    0.39150891528011134,
    0.3998999972374011,
    0.5150827422738076,
    0.507158219967133,
    0.6333846666109868,
    0.6855550028574773,
    0.7167299290498098,
    0.6574032856867864,
    0.6915435959895452,
    0.6611719018373734,
    0.6620487901644829,
    0.6810102964823063,
    0.7400333697979267,
    0.6915202833138979,
    0.7783125066604369,
    0.7365405639012654,
    0.7696062398262513,
    0.7909077089566451,
    0.7706419610060178,
    0.7437848621453994,
    0.7559545173858985,
    0.773810890240547,
    0.7184826893684192,
    0.7766189156434475,
    0.7068492347613359,
    0.735892717119975,
    0.7512041339507469,
    0.6964644831724656,
    0.7130993543527065,
    0.7250247909472539,
    0.6891605290082785,
    0.6603149137435815,
    0.6644457507591981,
    0.6647910816547198,
    0.6507725426783928,
    0.7059980350427139,
    0.6574765789203155,
    0.6618137306891955,
    0.5765559650384463,
    0.6423784283491282,
    0.6627924631039301,
    0.5962170874461149,
    0.5873484287124414,
    0.645158976316452,
    0.5809515282511711,
    0.5368064306103266,
    0.6356708176243,
    0.5835003019143373,
    0.5238211945081368,
    0.5186644178552505
  ],
  "d_real_acc": [
    0.917207532051282,
    0.9221153846153847,
    0.8969751602564102,
    0.9032251602564103,
    0.8783453525641025,
    0.8622195512820513,
    0.8482772435897435,
    0.8678685897435897,
    0.8620793269230769,
    0.8753205128205128,
    0.8775841346153846,
    0.8646834935897436,
    0.8458533653846154,
    0.8583333333333333,
    0.8392628205128205,
    0.8493389423076924,
    0.8418870192307693,
    0.8336738782051282,
    0.8400240384615385,
    0.8480168269230769,
    0.8421474358974359,
    0.8466947115384615,
    0.8524439102564103,
    0.8453725961538462,
    0.8581330128205128,
    0.8554086538461538,
    0.8573317307692307,
    0.8649439102564103,
    0.8566706730769231,
    0.8506610576923077,
    0.8711939102564102,
    0.8767027243589743,
    0.8698918269230769,
    0.8787259615384615,
    0.8796474358974359,
    0.8737379807692308,
    0.8829527243589743,
    0.8853565705128205,
    0.8955128205128206,
    0.8894631410256411,
    0.8799879807692308,
    0.9000400641025641,
    0.9018028846153846,
    0.8878806089743589,
    0.9077323717948718,
    0.9125600961538461,
    0.8983573717948717,
    0.9006610576923076,
    0.9190104166666667,
    0.9192908653846154
  ],
  "d_fake_acc": [
    0.9427083333333334,
    0.9417467948717949,
    0.9131810897435897,
    0.9159254807692307,
    0.8912059294871795,
    0.8723758012820513,
    0.857792467948718,
    0.8716746794871795,
    0.8720753205128206,
    0.88828125,
    0.886338141025641,
    0.8744391025641025,
    0.8530649038461539,
    0.864042467948718,
    0.8467548076923077,
    0.85234375,
    0.8477964743589743,
    0.84296875,
    0.8443108974358975,
    0.8534254807692307,
    0.8488581730769231,
    0.8515625,
    0.8564302884615385,
    0.8526842948717949,
    0.8593149038461538,
    0.8570913461538462,
    0.8606770833333334,
    0.8710536858974359,
    0.8606971153846154,
    0.8547275641025641,
    0.8740384615384615,
    0.8791065705128205,
    0.8736378205128205,
    0.8826322115384615,
    0.8789663461538462,
    0.8778846153846154,
    0.8814102564102564,
    0.8841746794871795,
    0.8964342948717948,
    0.8908854166666667,
    0.8814703525641026,
    0.8979767628205129,
    0.9036458333333334,
    0.8862580128205129,
    0.903926282051282,
    0.9115584935897436,
    0.8983373397435898,
    0.897676282051282,
    0.9162059294871795,
    0.9162459935897436
  ]
}